K,gamma,rho_c,R,Mstar,rho_bar,ratio
3.16e13,1.25,10.0,7.547334079841376e10,4.378992864471819e31,0.024316715032814525,411.2397577758905
3.16e13,1.25,25.0,5.497842864768319e10,3.9051050701678396e31,0.056100553370338035,445.6284028959011
3.16e13,1.25,50.0,4.3117169210595665e10,3.5809995493636166e31,0.10665100111680208,468.81885286047134
3.16e13,1.25,100.0,3.373162797945895e10,3.283792055702912e31,0.2042561458227163,489.5813518717561
3.16e13,1.25,200.0,2.6332814487669044e10,3.0112509950828035e31,0.3937009914538762,507.9997367073709
3.16e13,1.25,400.0,2.0519093598236588e10,2.7613295002651038e31,0.7630537056537663,524.2094980159876
3.16e13,1.25,800.0,1.5963671424328773e10,2.532150381576342e31,1.485944347741978,538.3781709023422
5.31e13,1.25,10.0,9.78357141188599e10,9.538616651035224e31,0.024316693899150987,411.24011518478454
5.31e13,1.25,25.0,7.12682448986504e10,8.506362398662064e31,0.056100545056205375,445.6284689382837
5.31e13,1.25,50.0,5.5892546087446014e10,7.800373964073968e31,0.10665104961962239,468.8186396507874
5.31e13,1.25,100.0,4.3726115136937935e10,7.152976620531479e31,0.20425632522251264,489.5809218689412
5.31e13,1.25,200.0,3.4135075059523968e10,6.559309359733821e31,0.393701363103111,507.99925716188005
5.31e13,1.25,400.0,2.6598783618648922e10,6.014913557849523e31,0.7630543132185136,524.2090806260251
5.31e13,1.25,800.0,2.069361945316851e10,5.515700194132373e31,1.4859447700544728,538.378017892733
8.91e13,1.25,10.0,1.2673280246147289e11,2.0732905569274745e32,0.0243166892337151,411.24019408592005
8.91e13,1.25,25.0,9.231825399804367e10,1.8489222787897043e32,0.05610057335691272,445.62824413486135
8.91e13,1.25,50.0,7.240114076029497e10,1.695470346682714e32,0.10665110563193377,468.8183934309713
8.91e13,1.25,100.0,5.664119888724788e10,1.5547536318753784e32,0.2042563933351699,489.58075861012225
8.91e13,1.25,200.0,4.421732307334328e10,1.4257155574048324e32,0.3937013818201372,507.9992330109986
8.91e13,1.25,400.0,3.445508540110069e10,1.3073870076197615e32,0.7630545096316058,524.2089456926419
8.91e13,1.25,800.0,2.6805749697918304e10,1.1988792028986872e32,1.4859457125310558,538.377676420854
1.5e14,1.25,10.0,1.4573623297320667e11,4.528456430546732e32,0.03492681353307975,286.3129781515522
1.5e14,1.25,25.0,1.1978274084878165e11,4.03867576283077e32,0.05610061727673964,445.6278952632036
1.5e14,1.25,50.0,9.39403549299242e10,3.703484497052549e32,0.10665109813904085,468.81842636833505
1.5e14,1.25,100.0,7.349186498806659e10,3.396111281836815e32,0.20425631741745573,489.5809405768421
1.5e14,1.25,200.0,5.737191092356703e10,3.1142481933638247e32,0.3937011338217007,507.9995530075765
1.5e14,1.25,400.0,4.470542584717607e10,2.8557783530953675e32,0.7630538352086988,524.2094090131899
1.5e14,1.25,800.0,3.4780422162573456e10,2.6187603637339602e32,1.485944546123091,538.3780990261332
2.51e14,1.25,10.0,1.4573623297320667e11,9.784185140834451e32,0.07546289011017306,132.5154653552278
2.51e14,1.25,25.0,1.4573623297320667e11,8.74195800430819e32,0.06742446169314761,370.7853110311263
2.51e14,1.25,50.0,1.2151880730094655e11,8.016489437011975e32,0.10665104629691224,468.8186542568181
2.51e14,1.25,100.0,9.506718312238799e10,7.351155442783206e32,0.20425613956491176,489.581366871082
2.51e14,1.25,200.0,7.421481391154718e10,6.741040165337426e32,0.39370098108995055,507.99975008013797
2.51e14,1.25,400.0,5.782976911700044e10,6.181561451183785e32,0.7630538824980819,524.2093765259172
2.51e14,1.25,800.0,4.499104759405521e10,5.66851699005399e32,1.4859442868128923,538.3781929777928
4.22e14,1.25,10.0,1.4573623297320667e11,2.1108432009218838e33,0.16280387811364416,61.4235982328355
4.22e14,1.25,25.0,1.4573623297320667e11,1.9041779820041583e33,0.14686432414946693,170.22513905117606
4.22e14,1.25,50.0,1.4573623297320667e11,1.747584081305625e33,0.13478664149093036,370.9566426385395
4.22e14,1.25,100.0,1.2326789169124017e11,1.6025577928313676e33,0.20425617120459197,489.58129103397124
4.22e14,1.25,200.0,9.622985825854007e10,1.4695521721492793e33,0.39370131142014453,507.9993238492591
4.22e14,1.25,400.0,7.49843703676548e10,1.347585362949502e33,0.7630542726854391,524.2091084717583
4.22e14,1.25,800.0,5.833716669485683e10,1.2357412582164853e33,1.485945700888414,538.3776806391362
7.08e14,1.25,10.0,1.4573623297320667e11,4.442410749373119e33,0.34263165442881655,29.185861465924628
7.08e14,1.25,25.0,1.4573623297320667e11,4.1113087348986417e33,0.31709461217757656,78.84082239151928
7.08e14,1.25,50.0,1.4573623297320667e11,3.794589052624509e33,0.2926668420207831,170.84272223926672
7.08e14,1.25,100.0,1.4573623297320667e11,3.482496522178283e33,0.26859595212012366,372.3064298276438
7.08e14,1.25,200.0,1.2464366397441342e11,3.193494842653604e33,0.3937014272911496,507.99917433902584
7.08e14,1.25,400.0,9.712502520602632e10,2.928447855186534e33,0.7630543146702674,524.2090796286878
7.08e14,1.25,800.0,7.556240013767857e10,2.68539859268689e33,1.4859456157694273,538.3777114788669
1.19e15,1.25,10.0,1.4573623297320667e11,8.998648190644366e33,0.6940424672838813,14.408340226117232
1.19e15,1.25,25.0,1.4573623297320667e11,8.752914993565604e33,0.6750897011815888,37.03211581548832
1.19e15,1.25,50.0,1.4573623297320667e11,8.215388515918695e33,0.6336316738342879,78.91019667220168
1.19e15,1.25,100.0,1.4573623297320667e11,7.582417905416966e33,0.5848122873082605,170.99503921211044
1.19e15,1.25,200.0,1.4573623297320667e11,6.958770824041851e33,0.5367120004760687,372.63932951489454
1.19e15,1.25,400.0,1.2591806085819359e11,6.381283668175536e33,0.7630541536430372,524.2091902524695
1.19e15,1.25,800.0,9.796314248920386e10,5.851663075272477e33,1.4859444661606318,538.3781279976309
2.0e15,1.25,10.0,1.4573623297320667e11,1.7092406968838016e34,1.3182931539435014,7.585566207399552
2.0e15,1.25,25.0,1.4573623297320667e11,1.8007857254474427e34,1.3888994674094948,17.99986290341715
2.0e15,1.25,50.0,1.4573623297320667e11,1.748916582508059e34,1.3488941386324704,37.067401042079375
2.0e15,1.25,100.0,1.4573623297320667e11,1.6414620367980764e34,1.2660172259613411,78.98786679151677
2.0e15,1.25,200.0,1.4573623297320667e11,1.5149727263595309e34,1.1684592914339345,171.165569452197
2.0e15,1.25,400.0,1.4573623297320667e11,1.3903635585064236e34,1.0723514622681307,373.0120339034741
2.0e15,1.25,800.0,1.2700015286734853e11,1.2749814434839244e34,1.4859442765239936,538.3781967056033
3.16e13,1.3,10.0,4.672263988398602e10,4.50712253069675e31,0.10549421305790042,94.79192943513884
3.16e13,1.3,25.0,3.4180725192561928e10,4.305290217577406e31,0.25737716041372277,97.13371598246546
3.16e13,1.3,50.0,2.6948257833740105e10,4.158636400752781e31,0.507306304616828,98.55978438463394
3.16e13,1.3,100.0,2.1227157103066654e10,4.016978047383063e31,1.0026176522003316,99.73891820131165
3.16e13,1.3,200.0,1.6708387181994596e10,3.8801450559684136e31,1.9858926141227689,100.71038009693504
3.16e13,1.3,400.0,1.3143690460934216e10,3.7479730819780136e31,3.940541317872775,101.50889629953996
3.16e13,1.3,800.0,1.0334454721423409e10,3.620303364038793e31,7.830575010492602,102.16363407898368
5.31e13,1.3,10.0,6.056631207536827e10,9.817717303984287e31,0.10549418551206147,94.79195418648614
5.31e13,1.3,25.0,4.430828751634526e10,9.378072590633408e31,0.2573772078886303,97.13369806551695
5.31e13,1.3,50.0,3.4932884125685165e10,9.058621387495134e31,0.5073061989444351,98.55980491473645
5.31e13,1.3,100.0,2.7516643355973793e10,8.750051638688185e31,1.0026183338070858,99.73885039612794
5.31e13,1.3,200.0,2.1658995495031673e10,8.451992817698763e31,1.985891775183306,100.71042264200887
5.31e13,1.3,400.0,1.7038093281648209e10,8.16408693821457e31,3.9405426882865764,101.50886099750075
5.31e13,1.3,800.0,1.3396497768423897e10,7.885988175543124e31,7.830575549721307,102.16362704379658
8.91e13,1.3,10.0,7.845538693523648e10,2.1339551972378234e32,0.1054941511206158,94.79198508897984
8.91e13,1.3,25.0,5.739531360238711e10,2.038395089733107e32,0.25737742744608183,97.13361520499798
8.91e13,1.3,50.0,4.525078811647494e10,1.9689599518011777e32,0.5073058037330992,98.55988169673239
8.91e13,1.3,100.0,3.564404708763197e10,1.9018899803613198e32,1.0026185950719793,99.73882440592564
8.91e13,1.3,200.0,2.805627171830959e10,1.837104638673844e32,1.9858910002568344,100.71046194082862
8.91e13,1.3,400.0,2.207051928873099e10,1.774526115701882e32,3.9405435450990822,101.50883892591074
8.91e13,1.3,800.0,1.7353334238375935e10,1.714079243830364e32,7.830572079837084,102.16367231455766
1.5e14,1.3,10.0,1.0179574847468742e11,4.661284702411767e32,0.10549408276459367,94.79204651046304
1.5e14,1.3,25.0,7.44703195963138e10,4.452548892091595e32,0.2573774150298664,97.13361989084773
1.5e14,1.3,50.0,5.871281356037373e10,4.300878910138805e32,0.5073059175680665,98.55985958076543
1.5e14,1.3,100.0,4.624809198095907e10,4.154375257078682e32,1.0026183603726875,99.73884775342492
1.5e14,1.3,200.0,3.64029556237696e10,4.0128620132487466e32,1.9858922373970656,100.71039920179282
1.5e14,1.3,400.0,2.8636463729210915e10,3.876169212854159e32,3.9405419804168327,101.5088792323151
1.5e14,1.3,800.0,2.251591939256666e10,3.7441326642297015e32,7.830573378304163,102.16365537375921
2.51e14,1.3,10.0,1.3168028313984561e11,1.0089724854919034e33,0.10549416983322955,94.7919682747255
2.51e14,1.3,25.0,9.633286054019218e10,9.637899440278036e32,0.2573774013613512,97.1336250493129
2.51e14,1.3,50.0,7.594934212386963e10,9.309597591244657e32,0.5073062941249441,98.55978642300373
2.51e14,1.3,100.0,5.982533681770234e10,8.99247867575911e32,1.0026176605400516,99.73891737168866
2.51e14,1.3,200.0,4.708990886113243e10,8.686161901578634e32,1.9858926156166008,100.71038002117848
2.51e14,1.3,400.0,3.704338454683142e10,8.390279364106631e32,3.940540831199209,101.50890883632073
2.51e14,1.3,800.0,2.912600093146087e10,8.104475657303327e32,7.8305764807527805,102.16361489685536
4.22e14,1.3,10.0,1.4573623297320667e11,2.1988208207298404e33,0.16958936444710923,58.96596188447157
4.22e14,1.3,25.0,1.2490906622132048e11,2.1010698215771745e33,0.25737715169977365,97.1337192710956
4.22e14,1.3,50.0,9.847895388877725e10,2.0294997547115682e33,0.507306134701683,98.55981739586507
4.22e14,1.3,100.0,7.757190955235321e10,1.960367576345315e33,1.0026179009574754,99.73889345532577
4.22e14,1.3,200.0,6.105866144662207e10,1.8935902734632058e33,1.9858917288522593,100.7104249915928
4.22e14,1.3,400.0,4.803192425579901e10,1.8290876425666314e33,3.9405418953003877,101.50888142492595
4.22e14,1.3,800.0,3.776593702722794e10,1.7667822048538982e33,7.830574272086536,102.16364371279144
7.08e14,1.3,10.0,1.4573623297320667e11,4.730005390423275e33,0.3648130854641574,27.411297451890583
7.08e14,1.3,25.0,1.4573623297320667e11,4.565542912421352e33,0.35212851978386467,70.9968054145257
7.08e14,1.3,50.0,1.2755688364832857e11,4.4103211322949054e33,0.5073058877051865,98.55986538255354
7.08e14,1.3,100.0,1.004765789737729e11,4.260089477196282e33,1.002618219417472,99.73886177542303
7.08e14,1.3,200.0,7.908747722849866e10,4.1149752196685965e33,1.9858911832178028,100.7104526623325
7.08e14,1.3,400.0,6.2214315716448006e10,3.974804068885433e33,3.9405435367279384,101.50883914155233
7.08e14,1.3,800.0,4.8917100527843185e10,3.839407655082991e33,7.830572156568135,102.16367131346529
1.19e15,1.3,10.0,1.4573623297320667e11,9.819928893406112e33,0.7573857243155341,13.203311970313695
1.19e15,1.3,25.0,1.4573623297320667e11,9.890435126763927e33,0.7628236877875838,32.77297283794039
1.19e15,1.3,50.0,1.4573623297320667e11,9.609302082987556e33,0.7411406230423214,67.46358038607316
1.19e15,1.3,100.0,1.3026317887330884e11,9.283019794137462e33,1.0026183536423718,99.73884842294581
1.19e15,1.3,200.0,1.0253321320081e11,8.966806124858708e33,1.9858912751557343,100.71044799988657
1.19e15,1.3,400.0,8.065795267387196e10,8.661363815665036e33,3.940543167098223,101.50884866325573
1.19e15,1.3,800.0,6.341872791995159e10,8.366325977584066e33,7.830573911822733,102.16364841306797
2.0e15,1.3,10.0,1.4573623297320667e11,1.8947784004981452e34,1.4613935873225552,6.842783550406277
2.0e15,1.3,25.0,1.4573623297320667e11,2.078212251484517e34,1.6028713735686346,15.597009474528186
2.0e15,1.3,50.0,1.4573623297320667e11,2.0793001922392976e34,1.603710474142087,31.17769747481867
2.0e15,1.3,100.0,1.4573623297320667e11,2.0222589430574705e34,1.5597160335545888,64.11423480215194
2.0e15,1.3,200.0,1.329248188018213e11,1.9537200398332e34,1.9858913812553471,100.71044261926019
2.0e15,1.3,400.0,1.0456558656497282e11,1.8871691685224446e34,3.9405413525283626,101.50889540680717
2.0e15,1.3,800.0,8.221650344128287e10,1.8228852608810932e34,7.830576117665956,102.16361963396052
3.16e13,1.33,10.0,3.9308602599248024e10,4.670834862350772e31,0.18358749172624705,54.46994185699376
3.16e13,1.33,25.0,2.9046081552267994e10,4.649484818928821e31,0.45295344549018657,55.19331014900435
3.16e13,1.33,50.0,2.308619130270288e10,4.633398881003223e31,0.898988652430329,55.6180546493327
3.16e13,1.33,100.0,1.833970260555206e10,4.617368561684221e31,1.7870185700543386,55.95912749634116
3.16e13,1.33,200.0,1.4563056975586485e10,4.601393689228986e31,3.556666442670119,56.23243090792982
3.16e13,1.33,400.0,1.1560306551380346e10,4.585474080105767e31,7.085778651844587,56.45110010540211
3.16e13,1.33,800.0,9.1742764507357e9,4.569609546439706e31,14.127815532282652,56.625880920653756
5.31e13,1.33,10.0,5.0955524459812035e10,1.0174326510935337e32,0.18358755317397493,54.46992362561529
5.31e13,1.33,25.0,3.765227362324932e10,1.0127820411022536e32,0.4529536505156177,55.193285166244635
5.31e13,1.33,50.0,2.992651423619529e10,1.00927809396021e32,0.8989878765246465,55.61810265261036
5.31e13,1.33,100.0,2.377365791352745e10,1.0057862620362864e32,1.7870185569255606,55.959127907458864
5.31e13,1.33,200.0,1.887800867283724e10,1.002306507921207e32,3.5566685697874254,56.23239727730762
5.31e13,1.33,400.0,1.4985562163055779e10,9.988387916367036e31,7.085780137490002,56.4510882695398
5.31e13,1.33,800.0,1.1892565359652308e10,9.953830722585151e31,14.127815045826667,56.62588287042438
8.91e13,1.33,10.0,6.60059230607614e10,2.211466908666867e32,0.18358750063408708,54.46993921406041
8.91e13,1.33,25.0,4.877337792541469e10,2.2013584556985415e32,0.45295353399461735,55.193299364559294
8.91e13,1.33,50.0,3.876570792280813e10,2.1937423612608164e32,0.8989879167363387,55.61810016481494
8.91e13,1.33,100.0,3.0795517600054333e10,2.1861526001672352e32,1.7870197017581353,55.95909205791987
8.91e13,1.33,200.0,2.4453880644997665e10,2.1785890911062352e32,3.5566681912022187,56.23240326289655
8.91e13,1.33,400.0,1.9411749163080402e10,2.171051747181276e32,7.085778192811716,56.451103762433114
8.91e13,1.33,800.0,1.5405194620176086e10,2.1635404794405702e32,14.12781007655495,56.62590278783526
1.5e14,1.33,10.0,8.564256865434525e10,4.830596670721868e32,0.18358750297711587,54.4699385188898
1.5e14,1.33,25.0,6.328338807043083e10,4.8085163677975885e32,0.45295318956921793,55.19334133351904
1.5e14,1.33,50.0,5.029842774229152e10,4.791880224477025e32,0.8989884567004087,55.61806675862879
1.5e14,1.33,100.0,3.995712914439336e10,4.775301602149725e32,1.787019802366589,55.95908890744682
1.5e14,1.33,200.0,3.172887092005729e10,4.758780323198834e32,3.5566669081267164,56.23242354886116
1.5e14,1.33,400.0,2.5186712475711674e10,4.742316197813363e32,7.085776423751768,56.4511178562149
1.5e14,1.33,800.0,1.998821131593315e10,4.725909031692602e32,14.127813458097439,56.62588923422367
2.51e14,1.33,10.0,1.1078502609500433e11,1.0456214199401203e33,0.18358731449791107,54.469994440241045
2.51e14,1.33,25.0,8.186172454233784e10,1.0408419611531129e33,0.4529533902257175,55.19331688309453
2.51e14,1.33,50.0,6.506472815526899e10,1.0372409344093019e33,0.8989885898091078,55.618058523542615
2.51e14,1.33,100.0,5.16875059878026e10,1.0336523585460168e33,1.7870189545353827,55.95911545661225
2.51e14,1.33,200.0,4.104363988089757e10,1.0300761951165713e33,3.556666433385715,56.23243105472025
2.51e14,1.33,400.0,3.2580868229232635e10,1.0265124030351237e33,7.0857794698497525,56.45109358850561
2.51e14,1.33,800.0,2.5856226158152645e10,1.0229609402437409e33,14.127815956552995,56.62587922013034
4.22e14,1.33,10.0,1.4364825096691122e11,2.2794630965392812e33,0.18358742431488465,54.46996185778087
4.22e14,1.33,25.0,1.06145151931184e11,2.2690438379841614e33,0.45295367562510136,55.19328210660528
4.22e14,1.33,50.0,8.43655151363052e10,2.2611935707509055e33,0.8989887245198711,55.6180501893434
4.22e14,1.33,100.0,6.702008835577348e10,2.25337044653663e33,1.787018286679871,55.95913636999852
4.22e14,1.33,200.0,5.321880821326315e10,2.2455743815274486e33,3.556668607139366,56.23239668675804
4.22e14,1.33,400.0,4.224565065721983e10,2.2378052861566143e33,7.085780191299334,56.451087840850896
4.22e14,1.33,800.0,3.3526215167872017e10,2.2300630687370807e33,14.127813475344968,56.6258891650936
7.08e14,1.33,10.0,1.4573623297320667e11,4.9377540691423414e33,0.38083620388132744,26.25800776838986
7.08e14,1.33,25.0,1.3748666834251547e11,4.930876175536633e33,0.4529536079130017,55.193290357456924
7.08e14,1.33,50.0,1.0927618205120593e11,4.913816700958603e33,0.8989878118595808,55.61810665327446
7.08e14,1.33,100.0,8.68091261144318e10,4.8968162110763747e33,1.7870184731361898,55.95913053125945
7.08e14,1.33,200.0,6.89327409316858e10,4.879874523757262e33,3.556668622558333,56.23239644297781
7.08e14,1.33,400.0,5.471954200722952e10,4.8629914443614666e33,7.085777890837129,56.45110616820973
7.08e14,1.33,800.0,4.342551431793955e10,4.8461667736429554e33,14.12780962182158,56.62590461045945
1.19e15,1.33,10.0,1.4573623297320667e11,1.0383337222131465e34,0.8008399519142275,12.486889516559772
1.19e15,1.33,25.0,1.4573623297320667e11,1.0728574339445835e34,0.8274671980985995,30.2126779858421
1.19e15,1.33,50.0,1.416714561166642e11,1.0707535121957897e34,0.898987856480752,55.61810389267537
1.19e15,1.33,100.0,1.1254394394481392e11,1.0670489917875372e34,1.7870197795972917,55.95908962044907
1.19e15,1.33,200.0,8.936807994961162e10,1.0633572848512266e34,3.556667933505445,56.232407337190004
1.19e15,1.33,400.0,7.094133119596237e10,1.0596783489730838e34,7.085776519061724,56.45111709689748
1.19e15,1.33,800.0,5.629914415214985e10,1.0560121407362412e34,14.127812529941592,56.62589295437851
2.0e15,1.33,10.0,1.4573623297320667e11,2.0199542209147952e34,1.5579384609587748,6.418738769595479
2.0e15,1.33,25.0,1.4573623297320667e11,2.2769736356930123e34,1.7561708898673658,14.235516682484196
2.0e15,1.33,50.0,1.4573623297320667e11,2.3274793556751613e34,1.7951246457712842,27.853219060739512
2.0e15,1.33,100.0,1.4590281457275928e11,2.324924805678299e34,1.7870195034214227,55.95909826867601
2.0e15,1.33,200.0,1.1585744767892284e11,2.316881181535755e34,3.5566676296964053,56.23241214053838
2.0e15,1.33,400.0,9.196887158239426e10,2.308865383435168e34,7.085776169478955,56.451119881961155
2.0e15,1.33,800.0,7.298662670105443e10,2.300877316778227e34,14.12781429724413,56.62588587082813
3.16e13,1.4,10.0,3.0702204260878777e10,5.239713973576624e31,0.43222541587900853,23.136075835945906
3.16e13,1.4,25.0,2.3350867232266514e10,5.742507665203732e31,1.0767228523984707,23.218602581259294
3.16e13,1.4,50.0,1.897912486262963e10,6.154667332175672e31,2.1492524248388247,23.26390303072454
3.16e13,1.4,100.0,1.542343700665074e10,6.596409120697487e31,4.29215584116264,23.298315275736226
3.16e13,1.4,200.0,1.2532404896024488e10,7.069856244932142e31,8.574695786695841,23.32444263624047
3.16e13,1.4,400.0,1.0182358972223633e10,7.577284307822665e31,17.134828510071202,23.34426631494416
3.16e13,1.4,800.0,8.272421446705551e9,8.12113223947744e31,34.24759013886564,23.359307815708924
5.31e13,1.4,10.0,3.979910396855367e10,1.1413497235976819e32,0.43222536036571607,23.136078807450733
5.31e13,1.4,25.0,3.026960119633872e10,1.250871625714807e32,1.076723110018161,23.218597025913496
5.31e13,1.4,50.0,2.460253858790873e10,1.3406510152678933e32,2.149252136649936,23.263906150134424
5.31e13,1.4,100.0,1.9993318558157352e10,1.4368741814169394e32,4.292155767218915,23.29831567711127
5.31e13,1.4,200.0,1.6245688942048717e10,1.5400036169427231e32,8.574695983823569,23.324442100023866
5.31e13,1.4,400.0,1.3199337423192808e10,1.650535008965312e32,17.134827540455486,23.34426763593601
5.31e13,1.4,800.0,1.0723495227315296e10,1.76899962164319e32,34.24759209667271,23.359306480344443
8.91e13,1.4,10.0,5.155429282647683e10,2.480810048946346e32,0.43222551570674334,23.13607049238807
8.91e13,1.4,25.0,3.921013041286103e10,2.7188641963546163e32,1.0767231386740925,23.21859640797328
8.91e13,1.4,50.0,3.1869225162896614e10,2.9140064977678306e32,2.1492522633700792,23.26390477849203
8.91e13,1.4,100.0,2.5898611983971348e10,3.1231548355486457e32,4.292155417540883,23.29831757520404
8.91e13,1.4,200.0,2.1044068997901802e10,3.3473144727887665e32,8.574696452290828,23.324440825723656
8.91e13,1.4,400.0,1.709793760160179e10,3.5875628229614936e32,17.134826928421933,23.344268469762643
8.91e13,1.4,800.0,1.3890822238813293e10,3.845054628928079e32,34.2475922473682,23.359306377559342
1.5e14,1.4,10.0,6.689160463534715e10,5.418933792843249e32,0.43222550766831375,23.136070922667333
1.5e14,1.4,25.0,5.087507679679136e10,5.9389251015332766e32,1.0767230380179473,23.21859857853556
1.5e14,1.4,50.0,4.1350261822400375e10,6.365182328268852e32,2.149252535502522,23.263901832880414
1.5e14,1.4,100.0,3.3603403905820866e10,6.822033507088075e32,4.2921552523060065,23.298318472118158
1.5e14,1.4,200.0,2.730464274108769e10,7.311674474841765e32,8.574696218422378,23.3244414618804
1.5e14,1.4,400.0,2.2184543389239414e10,7.836458669423407e32,17.134828228460247,23.34426669860725
1.5e14,1.4,800.0,1.802331776982951e10,8.398908442402442e32,34.247590200528705,23.3593077736503
2.51e14,1.4,10.0,8.652923130596094e10,1.1729717120391175e33,0.4322255070238017,23.13607095716663
2.51e14,1.4,25.0,6.581066850927979e10,1.2855280042749641e33,1.0767230871495443,23.218597519055326
2.51e14,1.4,50.0,5.348961823877112e10,1.377794802164794e33,2.1492524862963327,23.263902365497202
2.51e14,1.4,100.0,4.3468482811550896e10,1.476683906526961e33,4.292155878770883,23.29831507159436
2.51e14,1.4,200.0,3.5320572573836914e10,1.5826706238680128e33,8.574695893876525,23.32444234469314
2.51e14,1.4,400.0,2.8697345284800957e10,1.6962643747221066e33,17.134828510014817,23.344266315020977
2.51e14,1.4,800.0,2.3314492703659576e10,1.8180111423256046e33,34.24759041284256,23.359307628837055
4.22e14,1.4,10.0,1.1219725735303465e11,2.5570877565064669e33,0.43222541619648186,23.13607581895226
4.22e14,1.4,25.0,8.53327356745679e10,2.802461377917765e33,1.0767230744417238,23.21859779308843
4.22e14,1.4,50.0,6.935677220156477e10,3.003603738645437e33,2.14925233418499,23.26390401197834
4.22e14,1.4,100.0,5.636296688077381e10,3.219182780684836e33,4.292155912632431,23.29831488778999
4.22e14,1.4,200.0,4.57980626372647e10,3.45023467604514e33,8.574695491686699,23.324443438709064
4.22e14,1.4,400.0,3.721012193455309e10,3.6978699655738753e33,17.134827886436796,23.34426716457555
4.22e14,1.4,800.0,3.023049983923255e10,3.963278897119744e33,34.247592047471365,23.35930651390328
7.08e14,1.4,10.0,1.4532578010935718e11,5.556826574370507e33,0.4322253601079146,23.136078821250283
7.08e14,1.4,25.0,1.1052895568746735e11,6.090049830640652e33,1.0767231156291532,23.218596904917327
7.08e14,1.4,50.0,8.983576913015356e10,6.527153802703581e33,2.1492521304124996,23.263906217649602
7.08e14,1.4,100.0,7.300527826469661e10,6.99563023517952e33,4.2921555720042734,23.298316736758867
7.08e14,1.4,200.0,5.932086861855988e10,7.497730841233209e33,8.574695992459274,23.32444207653347
7.08e14,1.4,400.0,4.819716607554027e10,8.035868945456389e33,17.134827110124952,23.344268222212783
7.08e14,1.4,800.0,3.915666815757913e10,8.61263108437979e33,34.247592230736224,23.359306388903544
1.19e15,1.4,10.0,1.4573623297320667e11,1.1943862384668055e34,0.9211992226757528,10.85541515216827
1.19e15,1.4,25.0,1.4329562101745782e11,1.3270625752787627e34,1.0767231125226253,23.218596971906898
1.19e15,1.4,50.0,1.1646786600576117e11,1.4223104531997077e34,2.1492524879982664,23.263902347075163
1.19e15,1.4,100.0,9.464793035634412e10,1.5243945999976865e34,4.292155296470208,23.298318232389732
1.19e15,1.4,200.0,7.690672990583875e10,1.6338056790320381e34,8.574696470537125,23.324440776091034
1.19e15,1.4,400.0,6.248537151334627e10,1.751069569856047e34,17.13482694873522,23.34426844208808
1.19e15,1.4,800.0,5.0764789219382774e10,1.8767498960776585e34,34.247591079078504,23.35930717441647
2.0e15,1.4,10.0,1.4573623297320667e11,2.3581822279100494e34,1.818804977246803,5.498115589686474
2.0e15,1.4,25.0,1.4573623297320667e11,2.85892942226248e34,2.20501834051082,11.337774176612264
2.0e15,1.4,50.0,1.4573623297320667e11,3.098917253331785e34,2.390114749287659,20.91949769980785
2.0e15,1.4,100.0,1.2270228196258232e11,3.321405902121779e34,4.292155275942816,23.298318343814802
2.0e15,1.4,200.0,9.970245906348499e10,3.5597947048908945e34,8.574696036761194,23.32444195602569
2.0e15,1.4,400.0,8.10064985038214e10,3.8152934970590417e34,17.134828510452028,23.34426631442533
2.0e15,1.4,800.0,6.581185117130757e10,4.089130322064773e34,34.24759049113429,23.359307575436492
3.16e13,1.5,10.0,2.600906042717272e10,6.474473930293822e31,0.8785002434959037,11.38303611642269
3.16e13,1.5,25.0,2.0688582956802418e10,8.141219963554259e31,2.1948691999147085,11.390200382315031
3.16e13,1.5,50.0,1.739879462303043e10,9.681596706503542e31,4.388346315150413,11.393813616618866
3.16e13,1.5,100.0,1.4631677834162594e10,1.1513423688394643e32,8.774724446087074,11.39636926656918
3.16e13,1.5,200.0,1.2304375998775347e10,1.3691845368455451e32,17.546665408002482,11.3981771094117
3.16e13,1.5,400.0,1.0347092502791647e10,1.6282439929778576e32,35.089394995193885,11.399455592060994
3.16e13,1.5,800.0,8.701063001569702e9,1.936319341417516e32,70.17322472806025,11.400359654272851
5.31e13,1.5,10.0,3.3715404659535515e10,1.4103134384864284e32,0.8785002820758595,11.383035616528678
5.31e13,1.5,25.0,2.681849868190363e10,1.7733752647560172e32,2.1948692343551177,11.390200203587682
5.31e13,1.5,50.0,2.255396395134076e10,2.108910482646565e32,4.388346283920434,11.393813697703752
5.31e13,1.5,100.0,1.8966965309803215e10,2.507931350962498e32,8.774724413312692,11.396369309135642
5.31e13,1.5,200.0,1.5950096383218998e10,2.9824498065431653e32,17.546665573547195,11.398177001875146
5.31e13,1.5,400.0,1.3412880362404493e10,3.546750530093172e32,35.08939500725072,11.399455588144102
5.31e13,1.5,800.0,1.1279141181768856e10,4.2178209655357924e32,70.17322458246412,11.400359677926435
8.91e13,1.5,10.0,4.367369794879184e10,3.065423049583606e32,0.8785002933815464,11.383035470036939
8.91e13,1.5,25.0,3.4739699126655396e10,3.854565420558011e32,2.194869246114879,11.390200142560795
8.91e13,1.5,50.0,2.921557712804176e10,4.583876623861949e32,4.388346392842726,11.39381341490012
8.91e13,1.5,100.0,2.456911107141181e10,5.451178695608367e32,8.774724273520068,11.396369490694436
8.91e13,1.5,200.0,2.0661169637181854e10,6.48258049005975e32,17.546665545294136,11.398177020228113
8.91e13,1.5,400.0,1.7374553041490734e10,7.709130842393161e32,35.08939527887839,11.399455499900702
8.91e13,1.5,800.0,1.461058566563456e10,9.167753248263383e32,70.17322423100357,11.400359735024804
1.5e14,1.5,10.0,5.666654696765459e10,6.695927630506414e32,0.8785002592894428,11.383035911780263
1.5e14,1.5,25.0,4.507469854142135e10,8.419683249443753e32,2.194869237769902,11.390200185866773
1.5e14,1.5,50.0,3.7907159847993805e10,1.0012747227387159e33,4.3883464150978595,11.393813357117343
1.5e14,1.5,100.0,3.1878378203506374e10,1.1907230243990504e33,8.774724419356918,11.396369301285567
1.5e14,1.5,200.0,2.680783134249644e10,1.4160162926343882e33,17.54666535608569,11.398177143136444
1.5e14,1.5,400.0,2.2543452011926907e10,1.683936650169703e33,35.08939520822629,11.399455522853376
1.5e14,1.5,800.0,1.8957209166180843e10,2.002549445599426e33,70.1732245007579,11.400359691200448
2.51e14,1.5,10.0,7.330236441676534e10,1.449387277404363e33,0.8785002421081076,11.383036134404852
2.51e14,1.5,25.0,5.830745241504831e10,1.8225080160576802e33,2.1948691701707332,11.390200536670399
2.51e14,1.5,50.0,4.903571120616454e10,2.167339500076933e33,4.38834639099044,11.393813419709357
2.51e14,1.5,100.0,4.12370367145367e10,2.5774155542160912e33,8.77472445387683,11.39636925645206
2.51e14,1.5,200.0,3.467790991599587e10,3.065080915435195e33,17.546665315496263,11.39817716950302
2.51e14,1.5,400.0,2.9161620298324738e10,3.6450160327129207e33,35.089395050796774,11.399455573997342
2.51e14,1.5,800.0,2.452255022720532e10,4.3346790004141466e33,70.17322470504983,11.400359658011128
4.22e14,1.5,10.0,9.504676649861832e10,3.1596759098793617e33,0.8785002503558077,11.383036027536507
4.22e14,1.5,25.0,7.560376640506914e10,3.973082117994961e33,2.1948691652553403,11.390200562178668
4.22e14,1.5,50.0,6.35816573613568e10,4.724817523714716e33,4.388346361525347,11.393813496211926
4.22e14,1.5,100.0,5.3469585082993675e10,5.618786616499838e33,8.77472446059589,11.396369247725533
4.22e14,1.5,200.0,4.496475968832911e10,6.681901022123159e33,17.54666557382963,11.398177001691677
4.22e14,1.5,400.0,3.781211899707602e10,7.946164237283706e33,35.08939496710012,11.399455601187787
4.22e14,1.5,800.0,3.1796915861651955e10,9.44963504797626e33,70.17322460288906,11.400359674608193
7.08e14,1.5,10.0,1.231112504590695e11,6.86631540810373e33,0.8785002961451066,11.383035434228523
7.08e14,1.5,25.0,9.792731103695749e10,8.63393453712798e33,2.1948692482285357,11.390200131592046
7.08e14,1.5,50.0,8.235543209270596e10,1.0267536383148997e34,4.38834628754435,11.393813688294689
7.08e14,1.5,100.0,6.925756504790273e10,1.2210227320856182e34,8.77472438901514,11.39636934069263
7.08e14,1.5,200.0,5.8241517235226685e10,1.4520489205960492e34,17.54666556262004,11.398177008973342
7.08e14,1.5,400.0,4.897691413460674e10,1.726786907712072e34,35.08939522815748,11.399455516378353
7.08e14,1.5,800.0,4.118560039807673e10,2.0535072767454222e34,70.17322440613773,11.400359706572463
1.19e15,1.5,10.0,1.4573623297320667e11,1.492719763071475e34,1.151296156241165,8.685862404551687
1.19e15,1.5,25.0,1.2695817808832478e11,1.8813920608581432e34,2.194869246359207,11.390200141292864
1.19e15,1.5,50.0,1.0676996476331439e11,2.237364825126567e34,4.388346366131388,11.393813484252895
1.19e15,1.5,100.0,8.978919366662598e10,2.6606901689983214e34,8.77472432574727,11.39636942286319
1.19e15,1.5,200.0,7.550740292915395e10,3.164111679837616e34,17.546665441237973,11.398177087822184
1.19e15,1.5,400.0,6.349627817022361e10,3.762784122344417e34,35.08939528047335,11.399455499382551
1.19e15,1.5,800.0,5.3395204403010056e10,4.474729650516562e34,70.17322436897547,11.400359712609854
2.0e15,1.5,10.0,1.4573623297320667e11,2.9718081766483746e34,2.2920788050807848,4.3628517387069286
2.0e15,1.5,25.0,1.4573623297320667e11,4.0775409459370815e34,3.1449018992780258,7.949373557801356
2.0e15,1.5,50.0,1.384173772736968e11,4.874851128036987e34,4.388346382538949,11.393813441652636
2.0e15,1.5,100.0,1.1640337937353087e11,5.797207646263839e34,8.774724317917885,11.396369433031778
2.0e15,1.5,200.0,9.788835969609212e10,6.894080580175471e34,17.54666531901458,11.398177167217549
2.0e15,1.5,400.0,8.231704792003867e10,8.198489677402322e34,35.089395233481724,11.39945551464867
2.0e15,1.5,800.0,6.922194060825949e10,9.7497022566542e34,70.17322442817198,11.400359702992775
3.16e13,1.6,10.0,2.442096380585784e10,8.271616553422402e31,1.3558554292365699,7.375417603063046
3.16e13,1.6,25.0,2.0332556856076084e10,1.1933460424063921e32,3.389235928984531,7.376293808938346
3.16e13,1.6,50.0,1.770084426045881e10,1.5746295432650185e32,6.7780979912728005,7.37670067095193
3.16e13,1.6,100.0,1.5409666854282717e10,2.0777361388843066e32,13.555702696394905,7.376969105894797
3.16e13,1.6,200.0,1.3415001512616318e10,2.741589271761252e32,27.11075452785937,7.377146209430554
3.16e13,1.6,400.0,1.1678498783298517e10,3.617548732182001e32,54.220650227829495,7.377263059724328
3.16e13,1.6,800.0,1.0166759110071426e10,4.7733841697233305e32,108.44016719665998,7.377340156154245
5.31e13,1.6,10.0,3.165676401910114e10,1.8017791266002637e32,1.3558554324091585,7.3754175858051845
5.31e13,1.6,25.0,2.63569841139694e10,2.5994265765731425e32,3.3892359245769264,7.376293818531006
5.31e13,1.6,50.0,2.2945509227168484e10,3.4299639313055374e32,6.778097983492383,7.37670067941947
5.31e13,1.6,100.0,1.9975468264862267e10,4.525864541043517e32,13.55570270458094,7.3769691014399825
5.31e13,1.6,200.0,1.7389794313049644e10,5.971914065003101e32,27.110754532012628,7.377146208300406
5.31e13,1.6,400.0,1.5138775166848198e10,7.879987851232925e32,54.22065020756328,7.37726306248175
5.31e13,1.6,800.0,1.3179115157758821e10,1.0397706306500478e33,108.44016717310421,7.377340157756778
8.91e13,1.6,10.0,4.100701058240029e10,3.916303365060565e32,1.355855432625226,7.375417584629847
8.91e13,1.6,25.0,3.4141870184054302e10,5.6500504966273504e32,3.3892359147151296,7.376293839994106
8.91e13,1.6,50.0,2.9722770731275837e10,7.455286326661747e32,6.778097998904864,7.376700662645846
8.91e13,1.6,100.0,2.587548866056278e10,9.837309285150283e32,13.555702712659496,7.376969097043659
8.91e13,1.6,200.0,2.252610150085445e10,1.2980407422496183e33,27.110754529271556,7.377146209046282
8.91e13,1.6,400.0,1.9610213893273304e10,1.7127750279049375e33,54.22065018686397,7.377263065298099
8.91e13,1.6,800.0,1.707174221548921e10,2.2600201986955588e33,108.44016720854151,7.3773401553459275
1.5e14,1.6,10.0,5.320652419610927e10,8.554539940280006e32,1.355855422935769,7.375417637337377
1.5e14,1.6,25.0,4.429901646833648e10,1.2341633967686414e33,3.3892359181517535,7.376293832514677
1.5e14,1.6,50.0,3.856524271318156e10,1.628488365243435e33,6.778098002370594,7.376700658874043
1.5e14,1.6,100.0,3.3573401004027824e10,2.1488032805496915e33,13.55570271163846,7.376969097599304
1.5e14,1.6,200.0,2.9227577066163155e10,2.835362927384416e33,27.11075450511594,7.377146215619303
1.5e14,1.6,400.0,2.54442180142645e10,3.7412838125980946e33,54.22065020961432,7.377263062202685
1.5e14,1.6,800.0,2.215055548209301e10,4.936653587171213e33,108.44016722076256,7.3773401545145125
2.51e14,1.6,10.0,6.882656883102133e10,1.8516988291514274e33,1.3558554284229611,7.375417607488816
2.51e14,1.6,25.0,5.7304049695416405e10,2.671445726750803e33,3.389235930034862,7.376293806652418
2.51e14,1.6,50.0,4.988698991979838e10,3.5249937696932464e33,6.7780979979709395,7.37670066366225
2.51e14,1.6,100.0,4.3429673959493004e10,4.651257164555606e33,13.55570270913033,7.37696909896422
2.51e14,1.6,200.0,3.7808029698609726e10,6.137370623679519e33,27.11075452353782,7.377146210606497
2.51e14,1.6,400.0,3.2913975327391216e10,8.098309089294795e33,54.220650230577725,7.377263059350404
2.51e14,1.6,800.0,2.8653379574578026e10,1.0685782907211004e34,108.44016721118119,7.377340155166347
4.22e14,1.6,10.0,8.924327179101688e10,4.036718325071477e33,1.3558554324561902,7.3754175855493465
4.22e14,1.6,25.0,7.430271439987016e10,5.823773148115382e33,3.3892359296181667,7.376293807559309
4.22e14,1.6,50.0,6.468545915356031e10,7.684514739583007e33,6.778097988214863,7.3767006742799275
4.22e14,1.6,100.0,5.631264594889718e10,1.0139777989375011e34,13.555702691782253,7.376969108404986
4.22e14,1.6,200.0,4.902339794575786e10,1.3379517270481305e34,27.110754537451076,7.377146206820542
4.22e14,1.6,400.0,4.2677572029057495e10,1.7654378880732145e34,54.22065022940939,7.377263059509368
4.22e14,1.6,800.0,3.7153113796295296e10,2.329509259291305e34,108.4401671670642,7.377340158167688
7.08e14,1.6,10.0,1.1559415833489386e11,8.772222855829113e33,1.3558554325603895,7.375417584982536
7.08e14,1.6,25.0,9.624209837672707e10,1.2655685089486187e34,3.389235917897299,7.37629383306847
7.08e14,1.6,50.0,8.378515329173927e10,1.669927659204102e34,6.77809798899517,7.376700673430708
7.08e14,1.6,100.0,7.294009708753929e10,2.2034827567478055e34,13.555702712985875,7.376969096866045
7.08e14,1.6,200.0,6.349855077600866e10,2.907512928784866e34,27.110754525433272,7.377146210090724
7.08e14,1.6,400.0,5.527899101349938e10,3.8364863102080766e34,54.22065020471999,7.377263062868608
7.08e14,1.6,800.0,4.812332439370816e10,5.062274035892522e34,108.44016720935875,7.37734015529033
1.19e15,1.6,10.0,1.498624192730597e11,1.9115260100790567e34,1.3558554300056829,7.375417598879319
1.19e15,1.6,25.0,1.2477337870068323e11,2.7577583950511506e34,3.3892359151387623,7.376293839072117
1.19e15,1.6,50.0,1.0862353200968121e11,3.6388840183168796e34,6.778097997992084,7.376700663639238
1.19e15,1.6,100.0,9.45634239998491e10,4.801536248574983e34,13.5557027061287,7.376969100597696
1.19e15,1.6,200.0,8.232290082649197e10,6.335665063867092e34,27.110754533328983,7.377146207942211
1.19e15,1.6,400.0,7.166662609374158e10,8.359960171784474e34,54.22065018598902,7.377263065417144
1.19e15,1.6,800.0,6.238963903009166e10,1.103103358041808e35,108.44016721262719,7.377340155067973
2.0e15,1.6,10.0,1.4573623297320667e11,3.7606707041665322e34,2.9005080750634975,3.4476718358321006
2.0e15,1.6,25.0,1.4573623297320667e11,5.955850762129711e34,4.593593693351283,5.442362052217358
2.0e15,1.6,50.0,1.408203557926564e11,7.928531664697352e34,6.778098003113871,7.376700658065125
2.0e15,1.6,100.0,1.2259272712813943e11,1.0461760252426817e35,13.555702695828279,7.376969106203152
2.0e15,1.6,200.0,1.0672402172863026e11,1.380437541370716e35,27.110754510515278,7.3771462141500805
2.0e15,1.6,400.0,9.290914776516684e10,1.8214982561675644e35,54.22065020630006,7.377263062653624
2.0e15,1.6,800.0,8.088239265892038e10,2.403481358472606e35,108.4401672200339,7.3773401545640835
3.16e13,1.6666666667,10.0,2.4158266192013172e10,9.859293220162527e31,1.6693979917348587,5.990183317285459
3.16e13,1.6666666667,25.0,2.0737107785816128e10,1.5588911348571006e32,4.17332899734391,5.9904215593621055
3.16e13,1.6666666667,50.0,1.847477038088604e10,2.204604985262069e32,8.346512109508152,5.990526263424594
3.16e13,1.6666666667,100.0,1.6459209659354397e10,3.1177822699473172e32,16.692840418585785,5.9905922235175835
3.16e13,1.6666666667,200.0,1.4663522691464846e10,4.409209970840757e32,33.38544926023481,5.990633777039469
3.16e13,1.6666666667,400.0,1.3063732597238207e10,6.2355645403314115e32,66.77060675760556,5.990659953894124
3.16e13,1.6666666667,800.0,1.16384733044457e10,8.81841994229721e32,133.5408459088202,5.990676444765287
5.31e13,1.6666666667,10.0,3.1316230532954437e10,2.147617531880709e32,1.6693979928256766,5.990183313371355
5.31e13,1.6666666667,25.0,2.688140129745972e10,3.3956814720400094e32,4.173328997158156,5.9904215596287385
5.31e13,1.6666666667,50.0,2.394874548314757e10,4.802218791442217e32,8.346512112562953,5.990526261232078
5.31e13,1.6666666667,100.0,2.133598496175302e10,6.791362944583226e32,16.69284042051475,5.990592222825332
5.31e13,1.6666666667,200.0,1.900824560312918e10,9.604437583564364e32,33.38544926185372,5.9906337767489735
5.31e13,1.6666666667,400.0,1.6934446308297422e10,1.358272589011678e33,66.77060675503171,5.99065995412505
5.31e13,1.6666666667,800.0,1.5086890352236807e10,1.920887516848121e33,133.54084590215464,5.990676445064305
8.91e13,1.6666666667,10.0,4.056589599549934e10,4.6680093263362935e32,1.6693979935318448,5.990183310837461
8.91e13,1.6666666667,25.0,3.48211809257457e10,7.38077080553053e32,4.173328998299802,5.990421557990014
8.91e13,1.6666666667,50.0,3.1022326190036015e10,1.0437986174348611e33,8.34651211239164,5.9905262613550345
8.91e13,1.6666666667,100.0,2.76378520760679e10,1.4761541612153655e33,16.69284042006357,5.990592222987248
8.91e13,1.6666666667,200.0,2.4622583918046577e10,2.0875972350172875e33,33.385449262838144,5.990633776572331
8.91e13,1.6666666667,400.0,2.1936260402441246e10,2.9523083226369467e33,66.7706067511878,5.990659954469925
8.91e13,1.6666666667,800.0,1.9543004205796143e10,4.175194470325293e33,133.5408458990413,5.990676445203971
1.5e14,1.6666666667,10.0,5.263417867699484e10,1.0196521694408197e33,1.6693979927801648,5.990183313534661
1.5e14,1.6666666667,25.0,4.518042097089126e10,1.6122116383854082e33,4.173328999509206,5.990421556254027
1.5e14,1.6666666667,50.0,4.025141363992034e10,2.2800115645067073e33,8.34651211283139,5.990526261039414
1.5e14,1.6666666667,100.0,3.586006443434723e10,3.224423277008628e33,16.692840418907597,5.990592223402094
1.5e14,1.6666666667,200.0,3.1947759305383217e10,4.560023129336469e33,33.385449260215196,5.990633777042988
1.5e14,1.6666666667,400.0,2.8462259270211605e10,6.448846554467703e33,66.77060675149443,5.990659954442415
1.5e14,1.6666666667,800.0,2.535701356647246e10,9.120046259307349e33,133.54084590095877,5.990676445117953
2.51e14,1.6666666667,10.0,6.8086197733284996e10,2.207118958443579e33,1.669397991876648,5.990183316776687
2.51e14,1.6666666667,25.0,5.844421158565603e10,3.4897614880320174e33,4.173328999942294,5.99042155563237
2.51e14,1.6666666667,50.0,5.206817655112872e10,4.935268026011515e33,8.346512109727096,5.990526263267452
2.51e14,1.6666666667,100.0,4.638764199990008e10,6.979522976581769e33,16.69284041763072,5.990592223860329
2.51e14,1.6666666667,200.0,4.132678634887603e10,9.870536052720992e33,33.38544925913948,5.990633777236013
2.51e14,1.6666666667,400.0,3.681803461067273e10,1.3959045954134898e34,66.77060675397998,5.990659954219411
2.51e14,1.6666666667,800.0,3.280116993690016e10,1.9741072106812319e34,133.54084590737904,5.990676444829938
4.22e14,1.6666666667,10.0,8.828327720854189e10,4.8115370625610866e33,1.6693979919853124,5.990183316386775
4.22e14,1.6666666667,25.0,7.578109375600195e10,7.607708082483923e33,4.173328997142936,5.990421559650586
4.22e14,1.6666666667,50.0,6.751367263002284e10,1.0758923949234585e34,8.346512109275608,5.990526263591498
4.22e14,1.6666666667,100.0,6.014806516023413e10,1.5215416166092444e34,16.69284041813542,5.990592223679206
4.22e14,1.6666666667,200.0,5.3585958048132034e10,2.1517847900007707e34,33.38544926085615,5.990633776927977
4.22e14,1.6666666667,400.0,4.773973087115075e10,3.043083233432914e34,66.77060675714094,5.990659953935809
4.22e14,1.6666666667,800.0,4.253130406396749e10,4.303569580299961e34,133.54084590915642,5.990676444750204
7.08e14,1.6666666667,10.0,1.1435070584759998e11,1.045598726315128e34,1.669397993348499,5.990183311495348
7.08e14,1.6666666667,25.0,9.815699910360461e10,1.6532367469676771e34,4.17332899922156,5.990421556666916
7.08e14,1.6666666667,50.0,8.744845417498715e10,2.3380298294640523e34,8.34651211031061,5.990526262848649
7.08e14,1.6666666667,100.0,7.790800166777101e10,3.3064734941792673e34,16.69284042041256,5.990592222862006
7.08e14,1.6666666667,200.0,6.940829930258801e10,4.676059659259609e34,33.38544926226755,5.990633776674717
7.08e14,1.6666666667,400.0,6.183585494695074e10,6.612946988820348e34,66.77060675223537,5.990659954375937
7.08e14,1.6666666667,800.0,5.508953445654557e10,9.352119319173755e34,133.54084590425646,5.990676444970018
1.19e15,1.6666666667,10.0,1.4825034117783377e11,2.2784295318362942e34,1.6693979938827452,5.99018330957835
1.19e15,1.6666666667,25.0,1.2725595787751004e11,3.6025134046241523e34,4.173329000123556,5.990421555372185
1.19e15,1.6666666667,50.0,1.1337283028508276e11,5.0947233156444435e34,8.346512112744582,5.990526261101717
1.19e15,1.6666666667,100.0,1.0100407989406169e11,7.205026809781136e34,16.692840418634063,5.990592223500258
1.19e15,1.6666666667,200.0,8.998461336282474e10,1.0189446632009849e35,33.38544926048781,5.990633776994071
1.19e15,1.6666666667,400.0,8.016729346852966e10,1.4410053620566175e35,66.77060674936061,5.990659954633861
1.19e15,1.6666666667,800.0,7.142100452236232e10,2.037889326543516e35,133.5408458995435,5.990676445181442
2.0e15,1.6666666667,10.0,1.4573623297320667e11,4.38483119917534e34,3.3819069260458265,2.956911653299738
2.0e15,1.6666666667,25.0,1.4573623297320667e11,7.689364733007124e34,5.9306081958959,4.215419257893398
2.0e15,1.6666666667,50.0,1.4697738149504337e11,1.1100566802249477e35,8.346512110332235,5.990526262833128
2.0e15,1.6666666667,100.0,1.3094244136945996e11,1.5698572122332254e35,16.69284041600561,5.990592224443536
2.0e15,1.6666666667,200.0,1.1665672289204657e11,2.2201133606069717e35,33.38544925733554,5.99063377755971
2.0e15,1.6666666667,400.0,1.039294762657297e11,3.139714424685127e35,66.77060675143012,5.990659954448184
2.0e15,1.6666666667,800.0,9.259072214218907e10,4.4402267215218276e35,133.54084590072884,5.990676445128267
